ptp,n_perm,mean_mouse_error,n_perm_less_mouse_error,percentile_sim_mouse_error,qc_fail_mouse_error
sub_001,10000,117.83026242374751,0,0,FALSE
sub_002,10000,146.64481779611796,0,0,FALSE
sub_003,10000,104.39681262311258,0,0,FALSE
sub_004,10000,108.62979016392521,0,0,FALSE
sub_005,10000,105.33154794450823,0,0,FALSE
sub_006,10000,121.84951599210812,0,0,FALSE
